index,models,steps,total_wall,total_cpu,mem_start_bytes,mem_end_bytes,mem_delta_bytes,wall_ground_list,cpu_ground_list,wall_solve_list,cpu_solve_list,consts_size_list,herbrand_size_list,rules_list,atoms_list,rel_facts_list,rel_nonfacts_list,rel_total_list,aspif_bytes_list,mem_grounding_mb_list,mem_solve_mb_list
1,1,18,9.351,9.812,25305088,140165120,109.54,0.141885;0.299209;0.309539;0.311334;0.307701;0.30998;0.31954;0.329912;0.343731;0.367628;0.394157;0.431086;0.463934;0.516209;0.56001;0.618605;0.674742;0.748333,0.140625;0.296875;0.3125;0.3125;0.296875;0.296875;0.3125;0.328125;0.34375;0.375;0.390625;0.4375;0.453125;0.515625;0.546875;0.609375;0.6875;0.734375,0.002736;0.003492;0.003361;0.003509;0.004011;0.003543;0.004563;0.005261;0.005691;0.00654;0.007661;0.008474;0.008414;0.012159;0.011057;0.016076;0.012988;0.057064,0.0;0.0;0.0;0.015625;0.0;0.015625;0.0;0.015625;0.0;0.015625;0.0;0.0;0.03125;0.03125;0.015625;0.015625;0.0625;0.46875,31;32;32;32;32;32;32;32;32;32;32;32;32;32;32;32;32;32,3031;3825;3825;3825;3825;3825;3825;3825;3825;3825;3825;3825;3825;3825;3825;3825;3825;3825,0;4070;13069;22076;31091;40118;49161;58224;67311;76425;85568;94743;103953;113199;122481;131799;141154;150547,0;4070;7870;11705;15604;19599;23722;28005;32478;37163;42078;47245;52682;58395;64384;70651;77202;84041,0;0;0;0;0;0;0;0;0;0;0;0;0;0;0;0;0;0,0;0;0;0;0;0;0;0;0;0;0;0;0;0;0;0;0;0,0;0;0;0;0;0;0;0;0;0;0;0;0;0;0;0;0;0,171870;524662;893882;1275355;1656818;2038270;2419708;2805347;3190968;3580787;3974691;4372785;4770858;5168908;5571150;5977584;6379781;6790384,25.67;28.79;31.07;32.56;34.08;36.5;39.48;41.09;44.67;48.66;54.38;62.17;70.22;73.96;83.58;91.15;107.36;114.83,26.43;29.54;31.41;32.91;34.71;37.8;40.35;44.05;47.93;53.36;61.57;70.02;72.88;82.41;90.61;106.46;114.4;133.67
