index,models,steps,total_wall,total_cpu,mem_start_bytes,mem_end_bytes,mem_delta_bytes,wall_ground_list,cpu_ground_list,wall_solve_list,cpu_solve_list,consts_size_list,rules_list,atoms_list,rel_facts_list,rel_nonfacts_list,rel_total_list,aspif_bytes_list,mem_grounding_mb_list,mem_solve_mb_list
1,1,18,6.273,6.656,24690688,138874880,108.89,0.086596;0.184546;0.183465;0.185112;0.1869;0.188323;0.193687;0.200112;0.209588;0.221781;0.238013;0.253006;0.273333;0.301949;0.326768;0.358857;0.393567;0.431609,0.078125;0.171875;0.1875;0.1875;0.1875;0.1875;0.203125;0.1875;0.203125;0.21875;0.25;0.25;0.265625;0.3125;0.328125;0.359375;0.390625;0.4375,0.003097;0.002762;0.002593;0.003145;0.003863;0.004191;0.00457;0.005278;0.005707;0.006495;0.0074;0.008364;0.008833;0.013399;0.01106;0.015566;0.01313;0.052148,0.0;0.0;0.0;0.015625;0.0;0.0;0.015625;0.015625;0.0;0.0;0.015625;0.015625;0.0;0.015625;0.015625;0.1875;0.0;0.28125,31;32;32;32;32;32;32;32;32;32;32;32;32;32;32;32;32;32,0;4070;13069;22076;31091;40118;49161;58224;67311;76425;85568;94743;103953;113199;122481;131799;141154;150547,0;4070;7870;11705;15604;19599;23722;28005;32478;37163;42078;47245;52682;58395;64384;70651;77202;84041,0;0;0;0;0;0;0;0;0;0;0;0;0;0;0;0;0;0,0;0;0;0;0;0;0;0;0;0;0;0;0;0;0;0;0;0,0;0;0;0;0;0;0;0;0;0;0;0;0;0;0;0;0;0,171870;524662;893882;1275355;1656818;2038270;2419708;2805347;3190968;3580787;3974691;4372785;4770858;5168908;5571150;5977584;6379781;6790384,25.15;27.93;30.04;31.51;32.79;34.52;37.12;39.63;42.7;46.37;52.06;60.07;67.16;72.33;82.07;90.65;104.56;114.11,25.54;28.2;30.07;31.54;33.1;35.47;38.43;41.93;45.84;50.77;59.51;67.05;71.24;81.07;89.62;103.64;114.03;132.44
